"old_image_path","new_image_path"
"G:\My Drive\phd_notes\Projects\Nutrient dropout\Experiment write-ups\Washed sand nutrient dropout 1\photos\Individual plants\Unsorted photos/2023-05-19/20230519_131508.jpg","G:\My Drive\phd_notes\Projects\Nutrient dropout\Experiment write-ups\Washed sand nutrient dropout 1\photos\Individual plants/Plant 6/2023-05-19_Plant 6.jpg"
"G:\My Drive\phd_notes\Projects\Nutrient dropout\Experiment write-ups\Washed sand nutrient dropout 1\photos\Individual plants\Unsorted photos/2023-05-19/20230519_131712.jpg","G:\My Drive\phd_notes\Projects\Nutrient dropout\Experiment write-ups\Washed sand nutrient dropout 1\photos\Individual plants/Plant 4/2023-05-19_Plant 4.jpg"
"G:\My Drive\phd_notes\Projects\Nutrient dropout\Experiment write-ups\Washed sand nutrient dropout 1\photos\Individual plants\Unsorted photos/2023-05-19/20230519_131806.jpg","G:\My Drive\phd_notes\Projects\Nutrient dropout\Experiment write-ups\Washed sand nutrient dropout 1\photos\Individual plants/Plant 2/2023-05-19_Plant 2.jpg"
"G:\My Drive\phd_notes\Projects\Nutrient dropout\Experiment write-ups\Washed sand nutrient dropout 1\photos\Individual plants\Unsorted photos/2023-05-19/20230519_131835.jpg","G:\My Drive\phd_notes\Projects\Nutrient dropout\Experiment write-ups\Washed sand nutrient dropout 1\photos\Individual plants/Plant 7/2023-05-19_Plant 7.jpg"
"G:\My Drive\phd_notes\Projects\Nutrient dropout\Experiment write-ups\Washed sand nutrient dropout 1\photos\Individual plants\Unsorted photos/2023-05-19/20230519_131856.jpg","G:\My Drive\phd_notes\Projects\Nutrient dropout\Experiment write-ups\Washed sand nutrient dropout 1\photos\Individual plants/Plant 1/2023-05-19_Plant 1.jpg"
"G:\My Drive\phd_notes\Projects\Nutrient dropout\Experiment write-ups\Washed sand nutrient dropout 1\photos\Individual plants\Unsorted photos/2023-05-19/20230519_131917.jpg","G:\My Drive\phd_notes\Projects\Nutrient dropout\Experiment write-ups\Washed sand nutrient dropout 1\photos\Individual plants/Plant 8/2023-05-19_Plant 8.jpg"
"G:\My Drive\phd_notes\Projects\Nutrient dropout\Experiment write-ups\Washed sand nutrient dropout 1\photos\Individual plants\Unsorted photos/2023-05-19/20230519_132016.jpg","G:\My Drive\phd_notes\Projects\Nutrient dropout\Experiment write-ups\Washed sand nutrient dropout 1\photos\Individual plants/Plant 5/2023-05-19_Plant 5.jpg"
"G:\My Drive\phd_notes\Projects\Nutrient dropout\Experiment write-ups\Washed sand nutrient dropout 1\photos\Individual plants\Unsorted photos/2023-05-19/20230519_132039.jpg","G:\My Drive\phd_notes\Projects\Nutrient dropout\Experiment write-ups\Washed sand nutrient dropout 1\photos\Individual plants/Plant 9/2023-05-19_Plant 9.jpg"
"G:\My Drive\phd_notes\Projects\Nutrient dropout\Experiment write-ups\Washed sand nutrient dropout 1\photos\Individual plants\Unsorted photos/2023-05-19/20230519_141459.jpg","G:\My Drive\phd_notes\Projects\Nutrient dropout\Experiment write-ups\Washed sand nutrient dropout 1\photos\Individual plants/Plant 3/2023-05-19_Plant 3.jpg"
"G:\My Drive\phd_notes\Projects\Nutrient dropout\Experiment write-ups\Washed sand nutrient dropout 1\photos\Individual plants\Unsorted photos/2023-05-20/20230520_082355.jpg","G:\My Drive\phd_notes\Projects\Nutrient dropout\Experiment write-ups\Washed sand nutrient dropout 1\photos\Individual plants/Plant 6/2023-05-20_Plant 6.jpg"
"G:\My Drive\phd_notes\Projects\Nutrient dropout\Experiment write-ups\Washed sand nutrient dropout 1\photos\Individual plants\Unsorted photos/2023-05-20/20230520_082429.jpg","G:\My Drive\phd_notes\Projects\Nutrient dropout\Experiment write-ups\Washed sand nutrient dropout 1\photos\Individual plants/Plant 4/2023-05-20_Plant 4.jpg"
"G:\My Drive\phd_notes\Projects\Nutrient dropout\Experiment write-ups\Washed sand nutrient dropout 1\photos\Individual plants\Unsorted photos/2023-05-20/20230520_082521.jpg","G:\My Drive\phd_notes\Projects\Nutrient dropout\Experiment write-ups\Washed sand nutrient dropout 1\photos\Individual plants/Plant 3/2023-05-20_Plant 3.jpg"
"G:\My Drive\phd_notes\Projects\Nutrient dropout\Experiment write-ups\Washed sand nutrient dropout 1\photos\Individual plants\Unsorted photos/2023-05-20/20230520_082557.jpg","G:\My Drive\phd_notes\Projects\Nutrient dropout\Experiment write-ups\Washed sand nutrient dropout 1\photos\Individual plants/Plant 1/2023-05-20_Plant 1.jpg"
"G:\My Drive\phd_notes\Projects\Nutrient dropout\Experiment write-ups\Washed sand nutrient dropout 1\photos\Individual plants\Unsorted photos/2023-05-20/20230520_082635.jpg","G:\My Drive\phd_notes\Projects\Nutrient dropout\Experiment write-ups\Washed sand nutrient dropout 1\photos\Individual plants/Plant 5/2023-05-20_Plant 5.jpg"
"G:\My Drive\phd_notes\Projects\Nutrient dropout\Experiment write-ups\Washed sand nutrient dropout 1\photos\Individual plants\Unsorted photos/2023-05-20/20230520_082705.jpg","G:\My Drive\phd_notes\Projects\Nutrient dropout\Experiment write-ups\Washed sand nutrient dropout 1\photos\Individual plants/Plant 9/2023-05-20_Plant 9.jpg"
"G:\My Drive\phd_notes\Projects\Nutrient dropout\Experiment write-ups\Washed sand nutrient dropout 1\photos\Individual plants\Unsorted photos/2023-05-20/20230520_082930.jpg","G:\My Drive\phd_notes\Projects\Nutrient dropout\Experiment write-ups\Washed sand nutrient dropout 1\photos\Individual plants/Plant 8/2023-05-20_Plant 8.jpg"
"G:\My Drive\phd_notes\Projects\Nutrient dropout\Experiment write-ups\Washed sand nutrient dropout 1\photos\Individual plants\Unsorted photos/2023-05-20/20230520_083020.jpg","G:\My Drive\phd_notes\Projects\Nutrient dropout\Experiment write-ups\Washed sand nutrient dropout 1\photos\Individual plants/Plant 2/2023-05-20_Plant 2.jpg"
"G:\My Drive\phd_notes\Projects\Nutrient dropout\Experiment write-ups\Washed sand nutrient dropout 1\photos\Individual plants\Unsorted photos/2023-05-20/20230520_083052.jpg","G:\My Drive\phd_notes\Projects\Nutrient dropout\Experiment write-ups\Washed sand nutrient dropout 1\photos\Individual plants/Plant 7/2023-05-20_Plant 7.jpg"
"G:\My Drive\phd_notes\Projects\Nutrient dropout\Experiment write-ups\Washed sand nutrient dropout 1\photos\Individual plants\Unsorted photos/2023-05-21/20230521_074811.jpg","G:\My Drive\phd_notes\Projects\Nutrient dropout\Experiment write-ups\Washed sand nutrient dropout 1\photos\Individual plants/Plant 1/2023-05-21_Plant 1.jpg"
"G:\My Drive\phd_notes\Projects\Nutrient dropout\Experiment write-ups\Washed sand nutrient dropout 1\photos\Individual plants\Unsorted photos/2023-05-21/20230521_074836.jpg","G:\My Drive\phd_notes\Projects\Nutrient dropout\Experiment write-ups\Washed sand nutrient dropout 1\photos\Individual plants/Plant 2/2023-05-21_Plant 2.jpg"
"G:\My Drive\phd_notes\Projects\Nutrient dropout\Experiment write-ups\Washed sand nutrient dropout 1\photos\Individual plants\Unsorted photos/2023-05-21/20230521_074905.jpg","G:\My Drive\phd_notes\Projects\Nutrient dropout\Experiment write-ups\Washed sand nutrient dropout 1\photos\Individual plants/Plant 3/2023-05-21_Plant 3.jpg"
"G:\My Drive\phd_notes\Projects\Nutrient dropout\Experiment write-ups\Washed sand nutrient dropout 1\photos\Individual plants\Unsorted photos/2023-05-21/20230521_074934.jpg","G:\My Drive\phd_notes\Projects\Nutrient dropout\Experiment write-ups\Washed sand nutrient dropout 1\photos\Individual plants/Plant 4/2023-05-21_Plant 4.jpg"
"G:\My Drive\phd_notes\Projects\Nutrient dropout\Experiment write-ups\Washed sand nutrient dropout 1\photos\Individual plants\Unsorted photos/2023-05-21/20230521_074958.jpg","G:\My Drive\phd_notes\Projects\Nutrient dropout\Experiment write-ups\Washed sand nutrient dropout 1\photos\Individual plants/Plant 5/2023-05-21_Plant 5.jpg"
"G:\My Drive\phd_notes\Projects\Nutrient dropout\Experiment write-ups\Washed sand nutrient dropout 1\photos\Individual plants\Unsorted photos/2023-05-21/20230521_075025.jpg","G:\My Drive\phd_notes\Projects\Nutrient dropout\Experiment write-ups\Washed sand nutrient dropout 1\photos\Individual plants/Plant 6/2023-05-21_Plant 6.jpg"
"G:\My Drive\phd_notes\Projects\Nutrient dropout\Experiment write-ups\Washed sand nutrient dropout 1\photos\Individual plants\Unsorted photos/2023-05-21/20230521_075053.jpg","G:\My Drive\phd_notes\Projects\Nutrient dropout\Experiment write-ups\Washed sand nutrient dropout 1\photos\Individual plants/Plant 7/2023-05-21_Plant 7.jpg"
"G:\My Drive\phd_notes\Projects\Nutrient dropout\Experiment write-ups\Washed sand nutrient dropout 1\photos\Individual plants\Unsorted photos/2023-05-21/20230521_075125.jpg","G:\My Drive\phd_notes\Projects\Nutrient dropout\Experiment write-ups\Washed sand nutrient dropout 1\photos\Individual plants/Plant 8/2023-05-21_Plant 8.jpg"
"G:\My Drive\phd_notes\Projects\Nutrient dropout\Experiment write-ups\Washed sand nutrient dropout 1\photos\Individual plants\Unsorted photos/2023-05-21/20230521_075147.jpg","G:\My Drive\phd_notes\Projects\Nutrient dropout\Experiment write-ups\Washed sand nutrient dropout 1\photos\Individual plants/Plant 9/2023-05-21_Plant 9.jpg"
"G:\My Drive\phd_notes\Projects\Nutrient dropout\Experiment write-ups\Washed sand nutrient dropout 1\photos\Individual plants\Unsorted photos/2023-05-22/20230522_080444.jpg","G:\My Drive\phd_notes\Projects\Nutrient dropout\Experiment write-ups\Washed sand nutrient dropout 1\photos\Individual plants/Plant 1/2023-05-22_Plant 1.jpg"
"G:\My Drive\phd_notes\Projects\Nutrient dropout\Experiment write-ups\Washed sand nutrient dropout 1\photos\Individual plants\Unsorted photos/2023-05-22/20230522_080505.jpg","G:\My Drive\phd_notes\Projects\Nutrient dropout\Experiment write-ups\Washed sand nutrient dropout 1\photos\Individual plants/Plant 2/2023-05-22_Plant 2.jpg"
"G:\My Drive\phd_notes\Projects\Nutrient dropout\Experiment write-ups\Washed sand nutrient dropout 1\photos\Individual plants\Unsorted photos/2023-05-22/20230522_080535.jpg","G:\My Drive\phd_notes\Projects\Nutrient dropout\Experiment write-ups\Washed sand nutrient dropout 1\photos\Individual plants/Plant 3/2023-05-22_Plant 3.jpg"
"G:\My Drive\phd_notes\Projects\Nutrient dropout\Experiment write-ups\Washed sand nutrient dropout 1\photos\Individual plants\Unsorted photos/2023-05-22/20230522_080557.jpg","G:\My Drive\phd_notes\Projects\Nutrient dropout\Experiment write-ups\Washed sand nutrient dropout 1\photos\Individual plants/Plant 4/2023-05-22_Plant 4.jpg"
"G:\My Drive\phd_notes\Projects\Nutrient dropout\Experiment write-ups\Washed sand nutrient dropout 1\photos\Individual plants\Unsorted photos/2023-05-22/20230522_080618.jpg","G:\My Drive\phd_notes\Projects\Nutrient dropout\Experiment write-ups\Washed sand nutrient dropout 1\photos\Individual plants/Plant 5/2023-05-22_Plant 5.jpg"
"G:\My Drive\phd_notes\Projects\Nutrient dropout\Experiment write-ups\Washed sand nutrient dropout 1\photos\Individual plants\Unsorted photos/2023-05-22/20230522_080642.jpg","G:\My Drive\phd_notes\Projects\Nutrient dropout\Experiment write-ups\Washed sand nutrient dropout 1\photos\Individual plants/Plant 6/2023-05-22_Plant 6.jpg"
"G:\My Drive\phd_notes\Projects\Nutrient dropout\Experiment write-ups\Washed sand nutrient dropout 1\photos\Individual plants\Unsorted photos/2023-05-22/20230522_080705.jpg","G:\My Drive\phd_notes\Projects\Nutrient dropout\Experiment write-ups\Washed sand nutrient dropout 1\photos\Individual plants/Plant 7/2023-05-22_Plant 7.jpg"
"G:\My Drive\phd_notes\Projects\Nutrient dropout\Experiment write-ups\Washed sand nutrient dropout 1\photos\Individual plants\Unsorted photos/2023-05-22/20230522_080727.jpg","G:\My Drive\phd_notes\Projects\Nutrient dropout\Experiment write-ups\Washed sand nutrient dropout 1\photos\Individual plants/Plant 8/2023-05-22_Plant 8.jpg"
"G:\My Drive\phd_notes\Projects\Nutrient dropout\Experiment write-ups\Washed sand nutrient dropout 1\photos\Individual plants\Unsorted photos/2023-05-22/20230522_080751.jpg","G:\My Drive\phd_notes\Projects\Nutrient dropout\Experiment write-ups\Washed sand nutrient dropout 1\photos\Individual plants/Plant 9/2023-05-22_Plant 9.jpg"
"G:\My Drive\phd_notes\Projects\Nutrient dropout\Experiment write-ups\Washed sand nutrient dropout 1\photos\Individual plants\Unsorted photos/2023-05-23/20230523_080014.jpg","G:\My Drive\phd_notes\Projects\Nutrient dropout\Experiment write-ups\Washed sand nutrient dropout 1\photos\Individual plants/Plant 1/2023-05-23_Plant 1.jpg"
"G:\My Drive\phd_notes\Projects\Nutrient dropout\Experiment write-ups\Washed sand nutrient dropout 1\photos\Individual plants\Unsorted photos/2023-05-23/20230523_080041.jpg","G:\My Drive\phd_notes\Projects\Nutrient dropout\Experiment write-ups\Washed sand nutrient dropout 1\photos\Individual plants/Plant 2/2023-05-23_Plant 2.jpg"
"G:\My Drive\phd_notes\Projects\Nutrient dropout\Experiment write-ups\Washed sand nutrient dropout 1\photos\Individual plants\Unsorted photos/2023-05-23/20230523_080105.jpg","G:\My Drive\phd_notes\Projects\Nutrient dropout\Experiment write-ups\Washed sand nutrient dropout 1\photos\Individual plants/Plant 3/2023-05-23_Plant 3.jpg"
"G:\My Drive\phd_notes\Projects\Nutrient dropout\Experiment write-ups\Washed sand nutrient dropout 1\photos\Individual plants\Unsorted photos/2023-05-23/20230523_080138.jpg","G:\My Drive\phd_notes\Projects\Nutrient dropout\Experiment write-ups\Washed sand nutrient dropout 1\photos\Individual plants/Plant 4/2023-05-23_Plant 4.jpg"
"G:\My Drive\phd_notes\Projects\Nutrient dropout\Experiment write-ups\Washed sand nutrient dropout 1\photos\Individual plants\Unsorted photos/2023-05-23/20230523_080210.jpg","G:\My Drive\phd_notes\Projects\Nutrient dropout\Experiment write-ups\Washed sand nutrient dropout 1\photos\Individual plants/Plant 5/2023-05-23_Plant 5.jpg"
"G:\My Drive\phd_notes\Projects\Nutrient dropout\Experiment write-ups\Washed sand nutrient dropout 1\photos\Individual plants\Unsorted photos/2023-05-23/20230523_080237.jpg","G:\My Drive\phd_notes\Projects\Nutrient dropout\Experiment write-ups\Washed sand nutrient dropout 1\photos\Individual plants/Plant 6/2023-05-23_Plant 6.jpg"
"G:\My Drive\phd_notes\Projects\Nutrient dropout\Experiment write-ups\Washed sand nutrient dropout 1\photos\Individual plants\Unsorted photos/2023-05-23/20230523_080308.jpg","G:\My Drive\phd_notes\Projects\Nutrient dropout\Experiment write-ups\Washed sand nutrient dropout 1\photos\Individual plants/Plant 7/2023-05-23_Plant 7.jpg"
"G:\My Drive\phd_notes\Projects\Nutrient dropout\Experiment write-ups\Washed sand nutrient dropout 1\photos\Individual plants\Unsorted photos/2023-05-23/20230523_080336.jpg","G:\My Drive\phd_notes\Projects\Nutrient dropout\Experiment write-ups\Washed sand nutrient dropout 1\photos\Individual plants/Plant 8/2023-05-23_Plant 8.jpg"
"G:\My Drive\phd_notes\Projects\Nutrient dropout\Experiment write-ups\Washed sand nutrient dropout 1\photos\Individual plants\Unsorted photos/2023-05-23/20230523_080406.jpg","G:\My Drive\phd_notes\Projects\Nutrient dropout\Experiment write-ups\Washed sand nutrient dropout 1\photos\Individual plants/Plant 9/2023-05-23_Plant 9.jpg"
"G:\My Drive\phd_notes\Projects\Nutrient dropout\Experiment write-ups\Washed sand nutrient dropout 1\photos\Individual plants\Unsorted photos/2023-05-24/20230524_081638.jpg","G:\My Drive\phd_notes\Projects\Nutrient dropout\Experiment write-ups\Washed sand nutrient dropout 1\photos\Individual plants/Plant 1/2023-05-24_Plant 1.jpg"
"G:\My Drive\phd_notes\Projects\Nutrient dropout\Experiment write-ups\Washed sand nutrient dropout 1\photos\Individual plants\Unsorted photos/2023-05-24/20230524_081706.jpg","G:\My Drive\phd_notes\Projects\Nutrient dropout\Experiment write-ups\Washed sand nutrient dropout 1\photos\Individual plants/Plant 2/2023-05-24_Plant 2.jpg"
"G:\My Drive\phd_notes\Projects\Nutrient dropout\Experiment write-ups\Washed sand nutrient dropout 1\photos\Individual plants\Unsorted photos/2023-05-24/20230524_081729.jpg","G:\My Drive\phd_notes\Projects\Nutrient dropout\Experiment write-ups\Washed sand nutrient dropout 1\photos\Individual plants/Plant 3/2023-05-24_Plant 3.jpg"
"G:\My Drive\phd_notes\Projects\Nutrient dropout\Experiment write-ups\Washed sand nutrient dropout 1\photos\Individual plants\Unsorted photos/2023-05-24/20230524_081756.jpg","G:\My Drive\phd_notes\Projects\Nutrient dropout\Experiment write-ups\Washed sand nutrient dropout 1\photos\Individual plants/Plant 4/2023-05-24_Plant 4.jpg"
"G:\My Drive\phd_notes\Projects\Nutrient dropout\Experiment write-ups\Washed sand nutrient dropout 1\photos\Individual plants\Unsorted photos/2023-05-24/20230524_081817.jpg","G:\My Drive\phd_notes\Projects\Nutrient dropout\Experiment write-ups\Washed sand nutrient dropout 1\photos\Individual plants/Plant 5/2023-05-24_Plant 5.jpg"
"G:\My Drive\phd_notes\Projects\Nutrient dropout\Experiment write-ups\Washed sand nutrient dropout 1\photos\Individual plants\Unsorted photos/2023-05-24/20230524_081836.jpg","G:\My Drive\phd_notes\Projects\Nutrient dropout\Experiment write-ups\Washed sand nutrient dropout 1\photos\Individual plants/Plant 6/2023-05-24_Plant 6.jpg"
"G:\My Drive\phd_notes\Projects\Nutrient dropout\Experiment write-ups\Washed sand nutrient dropout 1\photos\Individual plants\Unsorted photos/2023-05-24/20230524_081917.jpg","G:\My Drive\phd_notes\Projects\Nutrient dropout\Experiment write-ups\Washed sand nutrient dropout 1\photos\Individual plants/Plant 7/2023-05-24_Plant 7.jpg"
"G:\My Drive\phd_notes\Projects\Nutrient dropout\Experiment write-ups\Washed sand nutrient dropout 1\photos\Individual plants\Unsorted photos/2023-05-24/20230524_081953.jpg","G:\My Drive\phd_notes\Projects\Nutrient dropout\Experiment write-ups\Washed sand nutrient dropout 1\photos\Individual plants/Plant 8/2023-05-24_Plant 8.jpg"
"G:\My Drive\phd_notes\Projects\Nutrient dropout\Experiment write-ups\Washed sand nutrient dropout 1\photos\Individual plants\Unsorted photos/2023-05-24/20230524_082018.jpg","G:\My Drive\phd_notes\Projects\Nutrient dropout\Experiment write-ups\Washed sand nutrient dropout 1\photos\Individual plants/Plant 9/2023-05-24_Plant 9.jpg"
"G:\My Drive\phd_notes\Projects\Nutrient dropout\Experiment write-ups\Washed sand nutrient dropout 1\photos\Individual plants\Unsorted photos/2023-05-25/20230525_163103.jpg","G:\My Drive\phd_notes\Projects\Nutrient dropout\Experiment write-ups\Washed sand nutrient dropout 1\photos\Individual plants/Plant 1/2023-05-25_Plant 1.jpg"
"G:\My Drive\phd_notes\Projects\Nutrient dropout\Experiment write-ups\Washed sand nutrient dropout 1\photos\Individual plants\Unsorted photos/2023-05-25/20230525_163127.jpg","G:\My Drive\phd_notes\Projects\Nutrient dropout\Experiment write-ups\Washed sand nutrient dropout 1\photos\Individual plants/Plant 2/2023-05-25_Plant 2.jpg"
"G:\My Drive\phd_notes\Projects\Nutrient dropout\Experiment write-ups\Washed sand nutrient dropout 1\photos\Individual plants\Unsorted photos/2023-05-25/20230525_163202.jpg","G:\My Drive\phd_notes\Projects\Nutrient dropout\Experiment write-ups\Washed sand nutrient dropout 1\photos\Individual plants/Plant 3/2023-05-25_Plant 3.jpg"
"G:\My Drive\phd_notes\Projects\Nutrient dropout\Experiment write-ups\Washed sand nutrient dropout 1\photos\Individual plants\Unsorted photos/2023-05-25/20230525_163221.jpg","G:\My Drive\phd_notes\Projects\Nutrient dropout\Experiment write-ups\Washed sand nutrient dropout 1\photos\Individual plants/Plant 4/2023-05-25_Plant 4.jpg"
"G:\My Drive\phd_notes\Projects\Nutrient dropout\Experiment write-ups\Washed sand nutrient dropout 1\photos\Individual plants\Unsorted photos/2023-05-25/20230525_163236.jpg","G:\My Drive\phd_notes\Projects\Nutrient dropout\Experiment write-ups\Washed sand nutrient dropout 1\photos\Individual plants/Plant 5/2023-05-25_Plant 5.jpg"
"G:\My Drive\phd_notes\Projects\Nutrient dropout\Experiment write-ups\Washed sand nutrient dropout 1\photos\Individual plants\Unsorted photos/2023-05-25/20230525_163255.jpg","G:\My Drive\phd_notes\Projects\Nutrient dropout\Experiment write-ups\Washed sand nutrient dropout 1\photos\Individual plants/Plant 6/2023-05-25_Plant 6.jpg"
"G:\My Drive\phd_notes\Projects\Nutrient dropout\Experiment write-ups\Washed sand nutrient dropout 1\photos\Individual plants\Unsorted photos/2023-05-25/20230525_163316.jpg","G:\My Drive\phd_notes\Projects\Nutrient dropout\Experiment write-ups\Washed sand nutrient dropout 1\photos\Individual plants/Plant 7/2023-05-25_Plant 7.jpg"
"G:\My Drive\phd_notes\Projects\Nutrient dropout\Experiment write-ups\Washed sand nutrient dropout 1\photos\Individual plants\Unsorted photos/2023-05-25/20230525_163337.jpg","G:\My Drive\phd_notes\Projects\Nutrient dropout\Experiment write-ups\Washed sand nutrient dropout 1\photos\Individual plants/Plant 8/2023-05-25_Plant 8.jpg"
"G:\My Drive\phd_notes\Projects\Nutrient dropout\Experiment write-ups\Washed sand nutrient dropout 1\photos\Individual plants\Unsorted photos/2023-05-25/20230525_163401.jpg","G:\My Drive\phd_notes\Projects\Nutrient dropout\Experiment write-ups\Washed sand nutrient dropout 1\photos\Individual plants/Plant 9/2023-05-25_Plant 9.jpg"
"G:\My Drive\phd_notes\Projects\Nutrient dropout\Experiment write-ups\Washed sand nutrient dropout 1\photos\Individual plants\Unsorted photos/2023-05-26/20230526_074712.jpg","G:\My Drive\phd_notes\Projects\Nutrient dropout\Experiment write-ups\Washed sand nutrient dropout 1\photos\Individual plants/Plant 1/2023-05-26_Plant 1.jpg"
"G:\My Drive\phd_notes\Projects\Nutrient dropout\Experiment write-ups\Washed sand nutrient dropout 1\photos\Individual plants\Unsorted photos/2023-05-26/20230526_074730.jpg","G:\My Drive\phd_notes\Projects\Nutrient dropout\Experiment write-ups\Washed sand nutrient dropout 1\photos\Individual plants/Plant 2/2023-05-26_Plant 2.jpg"
"G:\My Drive\phd_notes\Projects\Nutrient dropout\Experiment write-ups\Washed sand nutrient dropout 1\photos\Individual plants\Unsorted photos/2023-05-26/20230526_074753.jpg","G:\My Drive\phd_notes\Projects\Nutrient dropout\Experiment write-ups\Washed sand nutrient dropout 1\photos\Individual plants/Plant 3/2023-05-26_Plant 3.jpg"
"G:\My Drive\phd_notes\Projects\Nutrient dropout\Experiment write-ups\Washed sand nutrient dropout 1\photos\Individual plants\Unsorted photos/2023-05-26/20230526_074815.jpg","G:\My Drive\phd_notes\Projects\Nutrient dropout\Experiment write-ups\Washed sand nutrient dropout 1\photos\Individual plants/Plant 4/2023-05-26_Plant 4.jpg"
"G:\My Drive\phd_notes\Projects\Nutrient dropout\Experiment write-ups\Washed sand nutrient dropout 1\photos\Individual plants\Unsorted photos/2023-05-26/20230526_074831.jpg","G:\My Drive\phd_notes\Projects\Nutrient dropout\Experiment write-ups\Washed sand nutrient dropout 1\photos\Individual plants/Plant 5/2023-05-26_Plant 5.jpg"
"G:\My Drive\phd_notes\Projects\Nutrient dropout\Experiment write-ups\Washed sand nutrient dropout 1\photos\Individual plants\Unsorted photos/2023-05-26/20230526_074849.jpg","G:\My Drive\phd_notes\Projects\Nutrient dropout\Experiment write-ups\Washed sand nutrient dropout 1\photos\Individual plants/Plant 6/2023-05-26_Plant 6.jpg"
"G:\My Drive\phd_notes\Projects\Nutrient dropout\Experiment write-ups\Washed sand nutrient dropout 1\photos\Individual plants\Unsorted photos/2023-05-26/20230526_074906.jpg","G:\My Drive\phd_notes\Projects\Nutrient dropout\Experiment write-ups\Washed sand nutrient dropout 1\photos\Individual plants/Plant 7/2023-05-26_Plant 7.jpg"
"G:\My Drive\phd_notes\Projects\Nutrient dropout\Experiment write-ups\Washed sand nutrient dropout 1\photos\Individual plants\Unsorted photos/2023-05-26/20230526_074936.jpg","G:\My Drive\phd_notes\Projects\Nutrient dropout\Experiment write-ups\Washed sand nutrient dropout 1\photos\Individual plants/Plant 8/2023-05-26_Plant 8.jpg"
"G:\My Drive\phd_notes\Projects\Nutrient dropout\Experiment write-ups\Washed sand nutrient dropout 1\photos\Individual plants\Unsorted photos/2023-05-26/20230526_074953.jpg","G:\My Drive\phd_notes\Projects\Nutrient dropout\Experiment write-ups\Washed sand nutrient dropout 1\photos\Individual plants/Plant 9/2023-05-26_Plant 9.jpg"
"G:\My Drive\phd_notes\Projects\Nutrient dropout\Experiment write-ups\Washed sand nutrient dropout 1\photos\Individual plants\Unsorted photos/2023-05-27/20230527_105311.jpg","G:\My Drive\phd_notes\Projects\Nutrient dropout\Experiment write-ups\Washed sand nutrient dropout 1\photos\Individual plants/Plant 1/2023-05-27_Plant 1.jpg"
"G:\My Drive\phd_notes\Projects\Nutrient dropout\Experiment write-ups\Washed sand nutrient dropout 1\photos\Individual plants\Unsorted photos/2023-05-27/20230527_105333.jpg","G:\My Drive\phd_notes\Projects\Nutrient dropout\Experiment write-ups\Washed sand nutrient dropout 1\photos\Individual plants/Plant 2/2023-05-27_Plant 2.jpg"
"G:\My Drive\phd_notes\Projects\Nutrient dropout\Experiment write-ups\Washed sand nutrient dropout 1\photos\Individual plants\Unsorted photos/2023-05-27/20230527_105349.jpg","G:\My Drive\phd_notes\Projects\Nutrient dropout\Experiment write-ups\Washed sand nutrient dropout 1\photos\Individual plants/Plant 3/2023-05-27_Plant 3.jpg"
"G:\My Drive\phd_notes\Projects\Nutrient dropout\Experiment write-ups\Washed sand nutrient dropout 1\photos\Individual plants\Unsorted photos/2023-05-27/20230527_105405.jpg","G:\My Drive\phd_notes\Projects\Nutrient dropout\Experiment write-ups\Washed sand nutrient dropout 1\photos\Individual plants/Plant 4/2023-05-27_Plant 4.jpg"
"G:\My Drive\phd_notes\Projects\Nutrient dropout\Experiment write-ups\Washed sand nutrient dropout 1\photos\Individual plants\Unsorted photos/2023-05-27/20230527_105420.jpg","G:\My Drive\phd_notes\Projects\Nutrient dropout\Experiment write-ups\Washed sand nutrient dropout 1\photos\Individual plants/Plant 5/2023-05-27_Plant 5.jpg"
"G:\My Drive\phd_notes\Projects\Nutrient dropout\Experiment write-ups\Washed sand nutrient dropout 1\photos\Individual plants\Unsorted photos/2023-05-27/20230527_105443.jpg","G:\My Drive\phd_notes\Projects\Nutrient dropout\Experiment write-ups\Washed sand nutrient dropout 1\photos\Individual plants/Plant 6/2023-05-27_Plant 6.jpg"
"G:\My Drive\phd_notes\Projects\Nutrient dropout\Experiment write-ups\Washed sand nutrient dropout 1\photos\Individual plants\Unsorted photos/2023-05-27/20230527_111115.jpg","G:\My Drive\phd_notes\Projects\Nutrient dropout\Experiment write-ups\Washed sand nutrient dropout 1\photos\Individual plants/Plant 7/2023-05-27_Plant 7.jpg"
"G:\My Drive\phd_notes\Projects\Nutrient dropout\Experiment write-ups\Washed sand nutrient dropout 1\photos\Individual plants\Unsorted photos/2023-05-27/20230527_111142.jpg","G:\My Drive\phd_notes\Projects\Nutrient dropout\Experiment write-ups\Washed sand nutrient dropout 1\photos\Individual plants/Plant 8/2023-05-27_Plant 8.jpg"
"G:\My Drive\phd_notes\Projects\Nutrient dropout\Experiment write-ups\Washed sand nutrient dropout 1\photos\Individual plants\Unsorted photos/2023-05-27/20230527_111205.jpg","G:\My Drive\phd_notes\Projects\Nutrient dropout\Experiment write-ups\Washed sand nutrient dropout 1\photos\Individual plants/Plant 9/2023-05-27_Plant 9.jpg"
"G:\My Drive\phd_notes\Projects\Nutrient dropout\Experiment write-ups\Washed sand nutrient dropout 1\photos\Individual plants\Unsorted photos/2023-05-28/20230528_094210.jpg","G:\My Drive\phd_notes\Projects\Nutrient dropout\Experiment write-ups\Washed sand nutrient dropout 1\photos\Individual plants/Plant 1/2023-05-28_Plant 1.jpg"
"G:\My Drive\phd_notes\Projects\Nutrient dropout\Experiment write-ups\Washed sand nutrient dropout 1\photos\Individual plants\Unsorted photos/2023-05-28/20230528_094226.jpg","G:\My Drive\phd_notes\Projects\Nutrient dropout\Experiment write-ups\Washed sand nutrient dropout 1\photos\Individual plants/Plant 2/2023-05-28_Plant 2.jpg"
"G:\My Drive\phd_notes\Projects\Nutrient dropout\Experiment write-ups\Washed sand nutrient dropout 1\photos\Individual plants\Unsorted photos/2023-05-28/20230528_094238.jpg","G:\My Drive\phd_notes\Projects\Nutrient dropout\Experiment write-ups\Washed sand nutrient dropout 1\photos\Individual plants/Plant 3/2023-05-28_Plant 3.jpg"
"G:\My Drive\phd_notes\Projects\Nutrient dropout\Experiment write-ups\Washed sand nutrient dropout 1\photos\Individual plants\Unsorted photos/2023-05-28/20230528_094256.jpg","G:\My Drive\phd_notes\Projects\Nutrient dropout\Experiment write-ups\Washed sand nutrient dropout 1\photos\Individual plants/Plant 4/2023-05-28_Plant 4.jpg"
"G:\My Drive\phd_notes\Projects\Nutrient dropout\Experiment write-ups\Washed sand nutrient dropout 1\photos\Individual plants\Unsorted photos/2023-05-28/20230528_094313.jpg","G:\My Drive\phd_notes\Projects\Nutrient dropout\Experiment write-ups\Washed sand nutrient dropout 1\photos\Individual plants/Plant 5/2023-05-28_Plant 5.jpg"
"G:\My Drive\phd_notes\Projects\Nutrient dropout\Experiment write-ups\Washed sand nutrient dropout 1\photos\Individual plants\Unsorted photos/2023-05-28/20230528_094327.jpg","G:\My Drive\phd_notes\Projects\Nutrient dropout\Experiment write-ups\Washed sand nutrient dropout 1\photos\Individual plants/Plant 6/2023-05-28_Plant 6.jpg"
"G:\My Drive\phd_notes\Projects\Nutrient dropout\Experiment write-ups\Washed sand nutrient dropout 1\photos\Individual plants\Unsorted photos/2023-05-28/20230528_094344.jpg","G:\My Drive\phd_notes\Projects\Nutrient dropout\Experiment write-ups\Washed sand nutrient dropout 1\photos\Individual plants/Plant 7/2023-05-28_Plant 7.jpg"
"G:\My Drive\phd_notes\Projects\Nutrient dropout\Experiment write-ups\Washed sand nutrient dropout 1\photos\Individual plants\Unsorted photos/2023-05-28/20230528_094404.jpg","G:\My Drive\phd_notes\Projects\Nutrient dropout\Experiment write-ups\Washed sand nutrient dropout 1\photos\Individual plants/Plant 8/2023-05-28_Plant 8.jpg"
"G:\My Drive\phd_notes\Projects\Nutrient dropout\Experiment write-ups\Washed sand nutrient dropout 1\photos\Individual plants\Unsorted photos/2023-05-28/20230528_094420.jpg","G:\My Drive\phd_notes\Projects\Nutrient dropout\Experiment write-ups\Washed sand nutrient dropout 1\photos\Individual plants/Plant 9/2023-05-28_Plant 9.jpg"
"G:\My Drive\phd_notes\Projects\Nutrient dropout\Experiment write-ups\Washed sand nutrient dropout 1\photos\Individual plants\Unsorted photos/2023-05-29/20230529_100700.jpg","G:\My Drive\phd_notes\Projects\Nutrient dropout\Experiment write-ups\Washed sand nutrient dropout 1\photos\Individual plants/Plant 1/2023-05-29_Plant 1.jpg"
"G:\My Drive\phd_notes\Projects\Nutrient dropout\Experiment write-ups\Washed sand nutrient dropout 1\photos\Individual plants\Unsorted photos/2023-05-29/20230529_100718.jpg","G:\My Drive\phd_notes\Projects\Nutrient dropout\Experiment write-ups\Washed sand nutrient dropout 1\photos\Individual plants/Plant 2/2023-05-29_Plant 2.jpg"
"G:\My Drive\phd_notes\Projects\Nutrient dropout\Experiment write-ups\Washed sand nutrient dropout 1\photos\Individual plants\Unsorted photos/2023-05-29/20230529_100737.jpg","G:\My Drive\phd_notes\Projects\Nutrient dropout\Experiment write-ups\Washed sand nutrient dropout 1\photos\Individual plants/Plant 3/2023-05-29_Plant 3.jpg"
"G:\My Drive\phd_notes\Projects\Nutrient dropout\Experiment write-ups\Washed sand nutrient dropout 1\photos\Individual plants\Unsorted photos/2023-05-29/20230529_100759.jpg","G:\My Drive\phd_notes\Projects\Nutrient dropout\Experiment write-ups\Washed sand nutrient dropout 1\photos\Individual plants/Plant 4/2023-05-29_Plant 4.jpg"
"G:\My Drive\phd_notes\Projects\Nutrient dropout\Experiment write-ups\Washed sand nutrient dropout 1\photos\Individual plants\Unsorted photos/2023-05-29/20230529_100822.jpg","G:\My Drive\phd_notes\Projects\Nutrient dropout\Experiment write-ups\Washed sand nutrient dropout 1\photos\Individual plants/Plant 5/2023-05-29_Plant 5.jpg"
"G:\My Drive\phd_notes\Projects\Nutrient dropout\Experiment write-ups\Washed sand nutrient dropout 1\photos\Individual plants\Unsorted photos/2023-05-29/20230529_100844.jpg","G:\My Drive\phd_notes\Projects\Nutrient dropout\Experiment write-ups\Washed sand nutrient dropout 1\photos\Individual plants/Plant 6/2023-05-29_Plant 6.jpg"
"G:\My Drive\phd_notes\Projects\Nutrient dropout\Experiment write-ups\Washed sand nutrient dropout 1\photos\Individual plants\Unsorted photos/2023-05-29/20230529_100906.jpg","G:\My Drive\phd_notes\Projects\Nutrient dropout\Experiment write-ups\Washed sand nutrient dropout 1\photos\Individual plants/Plant 7/2023-05-29_Plant 7.jpg"
"G:\My Drive\phd_notes\Projects\Nutrient dropout\Experiment write-ups\Washed sand nutrient dropout 1\photos\Individual plants\Unsorted photos/2023-05-29/20230529_100931.jpg","G:\My Drive\phd_notes\Projects\Nutrient dropout\Experiment write-ups\Washed sand nutrient dropout 1\photos\Individual plants/Plant 8/2023-05-29_Plant 8.jpg"
"G:\My Drive\phd_notes\Projects\Nutrient dropout\Experiment write-ups\Washed sand nutrient dropout 1\photos\Individual plants\Unsorted photos/2023-05-29/20230529_100952.jpg","G:\My Drive\phd_notes\Projects\Nutrient dropout\Experiment write-ups\Washed sand nutrient dropout 1\photos\Individual plants/Plant 9/2023-05-29_Plant 9.jpg"
"G:\My Drive\phd_notes\Projects\Nutrient dropout\Experiment write-ups\Washed sand nutrient dropout 1\photos\Individual plants\Unsorted photos/2023-05-30/20230530_104741.jpg","G:\My Drive\phd_notes\Projects\Nutrient dropout\Experiment write-ups\Washed sand nutrient dropout 1\photos\Individual plants/Plant 1/2023-05-30_Plant 1.jpg"
"G:\My Drive\phd_notes\Projects\Nutrient dropout\Experiment write-ups\Washed sand nutrient dropout 1\photos\Individual plants\Unsorted photos/2023-05-30/20230530_104801.jpg","G:\My Drive\phd_notes\Projects\Nutrient dropout\Experiment write-ups\Washed sand nutrient dropout 1\photos\Individual plants/Plant 2/2023-05-30_Plant 2.jpg"
"G:\My Drive\phd_notes\Projects\Nutrient dropout\Experiment write-ups\Washed sand nutrient dropout 1\photos\Individual plants\Unsorted photos/2023-05-30/20230530_104817.jpg","G:\My Drive\phd_notes\Projects\Nutrient dropout\Experiment write-ups\Washed sand nutrient dropout 1\photos\Individual plants/Plant 3/2023-05-30_Plant 3.jpg"
"G:\My Drive\phd_notes\Projects\Nutrient dropout\Experiment write-ups\Washed sand nutrient dropout 1\photos\Individual plants\Unsorted photos/2023-05-30/20230530_104834.jpg","G:\My Drive\phd_notes\Projects\Nutrient dropout\Experiment write-ups\Washed sand nutrient dropout 1\photos\Individual plants/Plant 4/2023-05-30_Plant 4.jpg"
"G:\My Drive\phd_notes\Projects\Nutrient dropout\Experiment write-ups\Washed sand nutrient dropout 1\photos\Individual plants\Unsorted photos/2023-05-30/20230530_104851.jpg","G:\My Drive\phd_notes\Projects\Nutrient dropout\Experiment write-ups\Washed sand nutrient dropout 1\photos\Individual plants/Plant 5/2023-05-30_Plant 5.jpg"
"G:\My Drive\phd_notes\Projects\Nutrient dropout\Experiment write-ups\Washed sand nutrient dropout 1\photos\Individual plants\Unsorted photos/2023-05-30/20230530_104917.jpg","G:\My Drive\phd_notes\Projects\Nutrient dropout\Experiment write-ups\Washed sand nutrient dropout 1\photos\Individual plants/Plant 6/2023-05-30_Plant 6.jpg"
"G:\My Drive\phd_notes\Projects\Nutrient dropout\Experiment write-ups\Washed sand nutrient dropout 1\photos\Individual plants\Unsorted photos/2023-05-30/20230530_104931.jpg","G:\My Drive\phd_notes\Projects\Nutrient dropout\Experiment write-ups\Washed sand nutrient dropout 1\photos\Individual plants/Plant 7/2023-05-30_Plant 7.jpg"
"G:\My Drive\phd_notes\Projects\Nutrient dropout\Experiment write-ups\Washed sand nutrient dropout 1\photos\Individual plants\Unsorted photos/2023-05-30/20230530_104949.jpg","G:\My Drive\phd_notes\Projects\Nutrient dropout\Experiment write-ups\Washed sand nutrient dropout 1\photos\Individual plants/Plant 8/2023-05-30_Plant 8.jpg"
"G:\My Drive\phd_notes\Projects\Nutrient dropout\Experiment write-ups\Washed sand nutrient dropout 1\photos\Individual plants\Unsorted photos/2023-05-30/20230530_105005.jpg","G:\My Drive\phd_notes\Projects\Nutrient dropout\Experiment write-ups\Washed sand nutrient dropout 1\photos\Individual plants/Plant 9/2023-05-30_Plant 9.jpg"
"G:\My Drive\phd_notes\Projects\Nutrient dropout\Experiment write-ups\Washed sand nutrient dropout 1\photos\Individual plants\Unsorted photos/2023-05-31/20230531_090615.jpg","G:\My Drive\phd_notes\Projects\Nutrient dropout\Experiment write-ups\Washed sand nutrient dropout 1\photos\Individual plants/Plant 1/2023-05-31_Plant 1.jpg"
"G:\My Drive\phd_notes\Projects\Nutrient dropout\Experiment write-ups\Washed sand nutrient dropout 1\photos\Individual plants\Unsorted photos/2023-05-31/20230531_090631.jpg","G:\My Drive\phd_notes\Projects\Nutrient dropout\Experiment write-ups\Washed sand nutrient dropout 1\photos\Individual plants/Plant 2/2023-05-31_Plant 2.jpg"
"G:\My Drive\phd_notes\Projects\Nutrient dropout\Experiment write-ups\Washed sand nutrient dropout 1\photos\Individual plants\Unsorted photos/2023-05-31/20230531_090647.jpg","G:\My Drive\phd_notes\Projects\Nutrient dropout\Experiment write-ups\Washed sand nutrient dropout 1\photos\Individual plants/Plant 3/2023-05-31_Plant 3.jpg"
"G:\My Drive\phd_notes\Projects\Nutrient dropout\Experiment write-ups\Washed sand nutrient dropout 1\photos\Individual plants\Unsorted photos/2023-05-31/20230531_090709.jpg","G:\My Drive\phd_notes\Projects\Nutrient dropout\Experiment write-ups\Washed sand nutrient dropout 1\photos\Individual plants/Plant 4/2023-05-31_Plant 4.jpg"
"G:\My Drive\phd_notes\Projects\Nutrient dropout\Experiment write-ups\Washed sand nutrient dropout 1\photos\Individual plants\Unsorted photos/2023-05-31/20230531_090724.jpg","G:\My Drive\phd_notes\Projects\Nutrient dropout\Experiment write-ups\Washed sand nutrient dropout 1\photos\Individual plants/Plant 5/2023-05-31_Plant 5.jpg"
"G:\My Drive\phd_notes\Projects\Nutrient dropout\Experiment write-ups\Washed sand nutrient dropout 1\photos\Individual plants\Unsorted photos/2023-05-31/20230531_090741.jpg","G:\My Drive\phd_notes\Projects\Nutrient dropout\Experiment write-ups\Washed sand nutrient dropout 1\photos\Individual plants/Plant 6/2023-05-31_Plant 6.jpg"
"G:\My Drive\phd_notes\Projects\Nutrient dropout\Experiment write-ups\Washed sand nutrient dropout 1\photos\Individual plants\Unsorted photos/2023-05-31/20230531_090800.jpg","G:\My Drive\phd_notes\Projects\Nutrient dropout\Experiment write-ups\Washed sand nutrient dropout 1\photos\Individual plants/Plant 7/2023-05-31_Plant 7.jpg"
"G:\My Drive\phd_notes\Projects\Nutrient dropout\Experiment write-ups\Washed sand nutrient dropout 1\photos\Individual plants\Unsorted photos/2023-05-31/20230531_090822.jpg","G:\My Drive\phd_notes\Projects\Nutrient dropout\Experiment write-ups\Washed sand nutrient dropout 1\photos\Individual plants/Plant 8/2023-05-31_Plant 8.jpg"
"G:\My Drive\phd_notes\Projects\Nutrient dropout\Experiment write-ups\Washed sand nutrient dropout 1\photos\Individual plants\Unsorted photos/2023-05-31/20230531_090841.jpg","G:\My Drive\phd_notes\Projects\Nutrient dropout\Experiment write-ups\Washed sand nutrient dropout 1\photos\Individual plants/Plant 9/2023-05-31_Plant 9.jpg"
"G:\My Drive\phd_notes\Projects\Nutrient dropout\Experiment write-ups\Washed sand nutrient dropout 1\photos\Individual plants\Unsorted photos/2023-06-01/20230601_092944.jpg","G:\My Drive\phd_notes\Projects\Nutrient dropout\Experiment write-ups\Washed sand nutrient dropout 1\photos\Individual plants/Plant 1/2023-06-01_Plant 1.jpg"
"G:\My Drive\phd_notes\Projects\Nutrient dropout\Experiment write-ups\Washed sand nutrient dropout 1\photos\Individual plants\Unsorted photos/2023-06-01/20230601_093002.jpg","G:\My Drive\phd_notes\Projects\Nutrient dropout\Experiment write-ups\Washed sand nutrient dropout 1\photos\Individual plants/Plant 2/2023-06-01_Plant 2.jpg"
"G:\My Drive\phd_notes\Projects\Nutrient dropout\Experiment write-ups\Washed sand nutrient dropout 1\photos\Individual plants\Unsorted photos/2023-06-01/20230601_093016.jpg","G:\My Drive\phd_notes\Projects\Nutrient dropout\Experiment write-ups\Washed sand nutrient dropout 1\photos\Individual plants/Plant 3/2023-06-01_Plant 3.jpg"
"G:\My Drive\phd_notes\Projects\Nutrient dropout\Experiment write-ups\Washed sand nutrient dropout 1\photos\Individual plants\Unsorted photos/2023-06-01/20230601_093032.jpg","G:\My Drive\phd_notes\Projects\Nutrient dropout\Experiment write-ups\Washed sand nutrient dropout 1\photos\Individual plants/Plant 4/2023-06-01_Plant 4.jpg"
"G:\My Drive\phd_notes\Projects\Nutrient dropout\Experiment write-ups\Washed sand nutrient dropout 1\photos\Individual plants\Unsorted photos/2023-06-01/20230601_093049.jpg","G:\My Drive\phd_notes\Projects\Nutrient dropout\Experiment write-ups\Washed sand nutrient dropout 1\photos\Individual plants/Plant 5/2023-06-01_Plant 5.jpg"
"G:\My Drive\phd_notes\Projects\Nutrient dropout\Experiment write-ups\Washed sand nutrient dropout 1\photos\Individual plants\Unsorted photos/2023-06-01/20230601_093118.jpg","G:\My Drive\phd_notes\Projects\Nutrient dropout\Experiment write-ups\Washed sand nutrient dropout 1\photos\Individual plants/Plant 6/2023-06-01_Plant 6.jpg"
"G:\My Drive\phd_notes\Projects\Nutrient dropout\Experiment write-ups\Washed sand nutrient dropout 1\photos\Individual plants\Unsorted photos/2023-06-01/20230601_093138.jpg","G:\My Drive\phd_notes\Projects\Nutrient dropout\Experiment write-ups\Washed sand nutrient dropout 1\photos\Individual plants/Plant 7/2023-06-01_Plant 7.jpg"
"G:\My Drive\phd_notes\Projects\Nutrient dropout\Experiment write-ups\Washed sand nutrient dropout 1\photos\Individual plants\Unsorted photos/2023-06-01/20230601_093201.jpg","G:\My Drive\phd_notes\Projects\Nutrient dropout\Experiment write-ups\Washed sand nutrient dropout 1\photos\Individual plants/Plant 8/2023-06-01_Plant 8.jpg"
"G:\My Drive\phd_notes\Projects\Nutrient dropout\Experiment write-ups\Washed sand nutrient dropout 1\photos\Individual plants\Unsorted photos/2023-06-01/20230601_093220.jpg","G:\My Drive\phd_notes\Projects\Nutrient dropout\Experiment write-ups\Washed sand nutrient dropout 1\photos\Individual plants/Plant 9/2023-06-01_Plant 9.jpg"
"G:\My Drive\phd_notes\Projects\Nutrient dropout\Experiment write-ups\Washed sand nutrient dropout 1\photos\Individual plants\Unsorted photos/2023-06-02/20230602_091226.jpg","G:\My Drive\phd_notes\Projects\Nutrient dropout\Experiment write-ups\Washed sand nutrient dropout 1\photos\Individual plants/Plant 1/2023-06-02_Plant 1.jpg"
"G:\My Drive\phd_notes\Projects\Nutrient dropout\Experiment write-ups\Washed sand nutrient dropout 1\photos\Individual plants\Unsorted photos/2023-06-02/20230602_091242.jpg","G:\My Drive\phd_notes\Projects\Nutrient dropout\Experiment write-ups\Washed sand nutrient dropout 1\photos\Individual plants/Plant 2/2023-06-02_Plant 2.jpg"
"G:\My Drive\phd_notes\Projects\Nutrient dropout\Experiment write-ups\Washed sand nutrient dropout 1\photos\Individual plants\Unsorted photos/2023-06-02/20230602_091318.jpg","G:\My Drive\phd_notes\Projects\Nutrient dropout\Experiment write-ups\Washed sand nutrient dropout 1\photos\Individual plants/Plant 4/2023-06-02_Plant 4.jpg"
"G:\My Drive\phd_notes\Projects\Nutrient dropout\Experiment write-ups\Washed sand nutrient dropout 1\photos\Individual plants\Unsorted photos/2023-06-02/20230602_091339.jpg","G:\My Drive\phd_notes\Projects\Nutrient dropout\Experiment write-ups\Washed sand nutrient dropout 1\photos\Individual plants/Plant 5/2023-06-02_Plant 5.jpg"
"G:\My Drive\phd_notes\Projects\Nutrient dropout\Experiment write-ups\Washed sand nutrient dropout 1\photos\Individual plants\Unsorted photos/2023-06-02/20230602_091359.jpg","G:\My Drive\phd_notes\Projects\Nutrient dropout\Experiment write-ups\Washed sand nutrient dropout 1\photos\Individual plants/Plant 6/2023-06-02_Plant 6.jpg"
"G:\My Drive\phd_notes\Projects\Nutrient dropout\Experiment write-ups\Washed sand nutrient dropout 1\photos\Individual plants\Unsorted photos/2023-06-02/20230602_091415.jpg","G:\My Drive\phd_notes\Projects\Nutrient dropout\Experiment write-ups\Washed sand nutrient dropout 1\photos\Individual plants/Plant 7/2023-06-02_Plant 7.jpg"
"G:\My Drive\phd_notes\Projects\Nutrient dropout\Experiment write-ups\Washed sand nutrient dropout 1\photos\Individual plants\Unsorted photos/2023-06-02/20230602_091435.jpg","G:\My Drive\phd_notes\Projects\Nutrient dropout\Experiment write-ups\Washed sand nutrient dropout 1\photos\Individual plants/Plant 8/2023-06-02_Plant 8.jpg"
"G:\My Drive\phd_notes\Projects\Nutrient dropout\Experiment write-ups\Washed sand nutrient dropout 1\photos\Individual plants\Unsorted photos/2023-06-02/20230602_091448.jpg","G:\My Drive\phd_notes\Projects\Nutrient dropout\Experiment write-ups\Washed sand nutrient dropout 1\photos\Individual plants/Plant 9/2023-06-02_Plant 9.jpg"
"G:\My Drive\phd_notes\Projects\Nutrient dropout\Experiment write-ups\Washed sand nutrient dropout 1\photos\Individual plants\Unsorted photos/2023-06-02/20230602_092715.jpg","G:\My Drive\phd_notes\Projects\Nutrient dropout\Experiment write-ups\Washed sand nutrient dropout 1\photos\Individual plants/Plant 3/2023-06-02_Plant 3.jpg"
"G:\My Drive\phd_notes\Projects\Nutrient dropout\Experiment write-ups\Washed sand nutrient dropout 1\photos\Individual plants\Unsorted photos/2023-06-03/20230603_070314.jpg","G:\My Drive\phd_notes\Projects\Nutrient dropout\Experiment write-ups\Washed sand nutrient dropout 1\photos\Individual plants/Plant 1/2023-06-03_Plant 1.jpg"
"G:\My Drive\phd_notes\Projects\Nutrient dropout\Experiment write-ups\Washed sand nutrient dropout 1\photos\Individual plants\Unsorted photos/2023-06-03/20230603_070332.jpg","G:\My Drive\phd_notes\Projects\Nutrient dropout\Experiment write-ups\Washed sand nutrient dropout 1\photos\Individual plants/Plant 2/2023-06-03_Plant 2.jpg"
"G:\My Drive\phd_notes\Projects\Nutrient dropout\Experiment write-ups\Washed sand nutrient dropout 1\photos\Individual plants\Unsorted photos/2023-06-03/20230603_070348.jpg","G:\My Drive\phd_notes\Projects\Nutrient dropout\Experiment write-ups\Washed sand nutrient dropout 1\photos\Individual plants/Plant 3/2023-06-03_Plant 3.jpg"
"G:\My Drive\phd_notes\Projects\Nutrient dropout\Experiment write-ups\Washed sand nutrient dropout 1\photos\Individual plants\Unsorted photos/2023-06-03/20230603_070406.jpg","G:\My Drive\phd_notes\Projects\Nutrient dropout\Experiment write-ups\Washed sand nutrient dropout 1\photos\Individual plants/Plant 4/2023-06-03_Plant 4.jpg"
"G:\My Drive\phd_notes\Projects\Nutrient dropout\Experiment write-ups\Washed sand nutrient dropout 1\photos\Individual plants\Unsorted photos/2023-06-03/20230603_070421.jpg","G:\My Drive\phd_notes\Projects\Nutrient dropout\Experiment write-ups\Washed sand nutrient dropout 1\photos\Individual plants/Plant 5/2023-06-03_Plant 5.jpg"
"G:\My Drive\phd_notes\Projects\Nutrient dropout\Experiment write-ups\Washed sand nutrient dropout 1\photos\Individual plants\Unsorted photos/2023-06-03/20230603_070438.jpg","G:\My Drive\phd_notes\Projects\Nutrient dropout\Experiment write-ups\Washed sand nutrient dropout 1\photos\Individual plants/Plant 6/2023-06-03_Plant 6.jpg"
"G:\My Drive\phd_notes\Projects\Nutrient dropout\Experiment write-ups\Washed sand nutrient dropout 1\photos\Individual plants\Unsorted photos/2023-06-03/20230603_070455.jpg","G:\My Drive\phd_notes\Projects\Nutrient dropout\Experiment write-ups\Washed sand nutrient dropout 1\photos\Individual plants/Plant 7/2023-06-03_Plant 7.jpg"
"G:\My Drive\phd_notes\Projects\Nutrient dropout\Experiment write-ups\Washed sand nutrient dropout 1\photos\Individual plants\Unsorted photos/2023-06-03/20230603_070516.jpg","G:\My Drive\phd_notes\Projects\Nutrient dropout\Experiment write-ups\Washed sand nutrient dropout 1\photos\Individual plants/Plant 8/2023-06-03_Plant 8.jpg"
"G:\My Drive\phd_notes\Projects\Nutrient dropout\Experiment write-ups\Washed sand nutrient dropout 1\photos\Individual plants\Unsorted photos/2023-06-03/20230603_070534.jpg","G:\My Drive\phd_notes\Projects\Nutrient dropout\Experiment write-ups\Washed sand nutrient dropout 1\photos\Individual plants/Plant 9/2023-06-03_Plant 9.jpg"
"G:\My Drive\phd_notes\Projects\Nutrient dropout\Experiment write-ups\Washed sand nutrient dropout 1\photos\Individual plants\Unsorted photos/2023-06-04/20230604_074006.jpg","G:\My Drive\phd_notes\Projects\Nutrient dropout\Experiment write-ups\Washed sand nutrient dropout 1\photos\Individual plants/Plant 1/2023-06-04_Plant 1.jpg"
"G:\My Drive\phd_notes\Projects\Nutrient dropout\Experiment write-ups\Washed sand nutrient dropout 1\photos\Individual plants\Unsorted photos/2023-06-04/20230604_074021.jpg","G:\My Drive\phd_notes\Projects\Nutrient dropout\Experiment write-ups\Washed sand nutrient dropout 1\photos\Individual plants/Plant 2/2023-06-04_Plant 2.jpg"
"G:\My Drive\phd_notes\Projects\Nutrient dropout\Experiment write-ups\Washed sand nutrient dropout 1\photos\Individual plants\Unsorted photos/2023-06-04/20230604_074032.jpg","G:\My Drive\phd_notes\Projects\Nutrient dropout\Experiment write-ups\Washed sand nutrient dropout 1\photos\Individual plants/Plant 3/2023-06-04_Plant 3.jpg"
"G:\My Drive\phd_notes\Projects\Nutrient dropout\Experiment write-ups\Washed sand nutrient dropout 1\photos\Individual plants\Unsorted photos/2023-06-04/20230604_074053.jpg","G:\My Drive\phd_notes\Projects\Nutrient dropout\Experiment write-ups\Washed sand nutrient dropout 1\photos\Individual plants/Plant 4/2023-06-04_Plant 4.jpg"
"G:\My Drive\phd_notes\Projects\Nutrient dropout\Experiment write-ups\Washed sand nutrient dropout 1\photos\Individual plants\Unsorted photos/2023-06-04/20230604_074116.jpg","G:\My Drive\phd_notes\Projects\Nutrient dropout\Experiment write-ups\Washed sand nutrient dropout 1\photos\Individual plants/Plant 6/2023-06-04_Plant 6.jpg"
"G:\My Drive\phd_notes\Projects\Nutrient dropout\Experiment write-ups\Washed sand nutrient dropout 1\photos\Individual plants\Unsorted photos/2023-06-04/20230604_074136.jpg","G:\My Drive\phd_notes\Projects\Nutrient dropout\Experiment write-ups\Washed sand nutrient dropout 1\photos\Individual plants/Plant 5/2023-06-04_Plant 5.jpg"
"G:\My Drive\phd_notes\Projects\Nutrient dropout\Experiment write-ups\Washed sand nutrient dropout 1\photos\Individual plants\Unsorted photos/2023-06-04/20230604_074153.jpg","G:\My Drive\phd_notes\Projects\Nutrient dropout\Experiment write-ups\Washed sand nutrient dropout 1\photos\Individual plants/Plant 6/2023-06-04_Plant 6.jpg"
"G:\My Drive\phd_notes\Projects\Nutrient dropout\Experiment write-ups\Washed sand nutrient dropout 1\photos\Individual plants\Unsorted photos/2023-06-04/20230604_074211.jpg","G:\My Drive\phd_notes\Projects\Nutrient dropout\Experiment write-ups\Washed sand nutrient dropout 1\photos\Individual plants/Plant 7/2023-06-04_Plant 7.jpg"
"G:\My Drive\phd_notes\Projects\Nutrient dropout\Experiment write-ups\Washed sand nutrient dropout 1\photos\Individual plants\Unsorted photos/2023-06-04/20230604_074230.jpg","G:\My Drive\phd_notes\Projects\Nutrient dropout\Experiment write-ups\Washed sand nutrient dropout 1\photos\Individual plants/Plant 8/2023-06-04_Plant 8.jpg"
"G:\My Drive\phd_notes\Projects\Nutrient dropout\Experiment write-ups\Washed sand nutrient dropout 1\photos\Individual plants\Unsorted photos/2023-06-04/20230604_074245.jpg","G:\My Drive\phd_notes\Projects\Nutrient dropout\Experiment write-ups\Washed sand nutrient dropout 1\photos\Individual plants/Plant 9/2023-06-04_Plant 9.jpg"
"G:\My Drive\phd_notes\Projects\Nutrient dropout\Experiment write-ups\Washed sand nutrient dropout 1\photos\Individual plants\Unsorted photos/2023-06-05/20230605_074740.jpg","G:\My Drive\phd_notes\Projects\Nutrient dropout\Experiment write-ups\Washed sand nutrient dropout 1\photos\Individual plants/Plant 1/2023-06-05_Plant 1.jpg"
"G:\My Drive\phd_notes\Projects\Nutrient dropout\Experiment write-ups\Washed sand nutrient dropout 1\photos\Individual plants\Unsorted photos/2023-06-05/20230605_074800.jpg","G:\My Drive\phd_notes\Projects\Nutrient dropout\Experiment write-ups\Washed sand nutrient dropout 1\photos\Individual plants/Plant 2/2023-06-05_Plant 2.jpg"
"G:\My Drive\phd_notes\Projects\Nutrient dropout\Experiment write-ups\Washed sand nutrient dropout 1\photos\Individual plants\Unsorted photos/2023-06-05/20230605_074818.jpg","G:\My Drive\phd_notes\Projects\Nutrient dropout\Experiment write-ups\Washed sand nutrient dropout 1\photos\Individual plants/Plant 3/2023-06-05_Plant 3.jpg"
"G:\My Drive\phd_notes\Projects\Nutrient dropout\Experiment write-ups\Washed sand nutrient dropout 1\photos\Individual plants\Unsorted photos/2023-06-05/20230605_074836.jpg","G:\My Drive\phd_notes\Projects\Nutrient dropout\Experiment write-ups\Washed sand nutrient dropout 1\photos\Individual plants/Plant 4/2023-06-05_Plant 4.jpg"
"G:\My Drive\phd_notes\Projects\Nutrient dropout\Experiment write-ups\Washed sand nutrient dropout 1\photos\Individual plants\Unsorted photos/2023-06-05/20230605_074848.jpg","G:\My Drive\phd_notes\Projects\Nutrient dropout\Experiment write-ups\Washed sand nutrient dropout 1\photos\Individual plants/Plant 5/2023-06-05_Plant 5.jpg"
"G:\My Drive\phd_notes\Projects\Nutrient dropout\Experiment write-ups\Washed sand nutrient dropout 1\photos\Individual plants\Unsorted photos/2023-06-05/20230605_074904.jpg","G:\My Drive\phd_notes\Projects\Nutrient dropout\Experiment write-ups\Washed sand nutrient dropout 1\photos\Individual plants/Plant 6/2023-06-05_Plant 6.jpg"
"G:\My Drive\phd_notes\Projects\Nutrient dropout\Experiment write-ups\Washed sand nutrient dropout 1\photos\Individual plants\Unsorted photos/2023-06-05/20230605_074921.jpg","G:\My Drive\phd_notes\Projects\Nutrient dropout\Experiment write-ups\Washed sand nutrient dropout 1\photos\Individual plants/Plant 7/2023-06-05_Plant 7.jpg"
"G:\My Drive\phd_notes\Projects\Nutrient dropout\Experiment write-ups\Washed sand nutrient dropout 1\photos\Individual plants\Unsorted photos/2023-06-05/20230605_074943.jpg","G:\My Drive\phd_notes\Projects\Nutrient dropout\Experiment write-ups\Washed sand nutrient dropout 1\photos\Individual plants/Plant 8/2023-06-05_Plant 8.jpg"
"G:\My Drive\phd_notes\Projects\Nutrient dropout\Experiment write-ups\Washed sand nutrient dropout 1\photos\Individual plants\Unsorted photos/2023-06-05/20230605_075002.jpg","G:\My Drive\phd_notes\Projects\Nutrient dropout\Experiment write-ups\Washed sand nutrient dropout 1\photos\Individual plants/Plant 9/2023-06-05_Plant 9.jpg"
"G:\My Drive\phd_notes\Projects\Nutrient dropout\Experiment write-ups\Washed sand nutrient dropout 1\photos\Individual plants\Unsorted photos/2023-06-06/20230606_071655.jpg","G:\My Drive\phd_notes\Projects\Nutrient dropout\Experiment write-ups\Washed sand nutrient dropout 1\photos\Individual plants/Plant 9/2023-06-06_Plant 9.jpg"
"G:\My Drive\phd_notes\Projects\Nutrient dropout\Experiment write-ups\Washed sand nutrient dropout 1\photos\Individual plants\Unsorted photos/2023-06-06/20230606_071716.jpg","G:\My Drive\phd_notes\Projects\Nutrient dropout\Experiment write-ups\Washed sand nutrient dropout 1\photos\Individual plants/Plant 8/2023-06-06_Plant 8.jpg"
"G:\My Drive\phd_notes\Projects\Nutrient dropout\Experiment write-ups\Washed sand nutrient dropout 1\photos\Individual plants\Unsorted photos/2023-06-06/20230606_071733.jpg","G:\My Drive\phd_notes\Projects\Nutrient dropout\Experiment write-ups\Washed sand nutrient dropout 1\photos\Individual plants/Plant 7/2023-06-06_Plant 7.jpg"
"G:\My Drive\phd_notes\Projects\Nutrient dropout\Experiment write-ups\Washed sand nutrient dropout 1\photos\Individual plants\Unsorted photos/2023-06-06/20230606_071753.jpg","G:\My Drive\phd_notes\Projects\Nutrient dropout\Experiment write-ups\Washed sand nutrient dropout 1\photos\Individual plants/Plant 6/2023-06-06_Plant 6.jpg"
"G:\My Drive\phd_notes\Projects\Nutrient dropout\Experiment write-ups\Washed sand nutrient dropout 1\photos\Individual plants\Unsorted photos/2023-06-06/20230606_071814.jpg","G:\My Drive\phd_notes\Projects\Nutrient dropout\Experiment write-ups\Washed sand nutrient dropout 1\photos\Individual plants/Plant 5/2023-06-06_Plant 5.jpg"
"G:\My Drive\phd_notes\Projects\Nutrient dropout\Experiment write-ups\Washed sand nutrient dropout 1\photos\Individual plants\Unsorted photos/2023-06-06/20230606_071826.jpg","G:\My Drive\phd_notes\Projects\Nutrient dropout\Experiment write-ups\Washed sand nutrient dropout 1\photos\Individual plants/Plant 4/2023-06-06_Plant 4.jpg"
"G:\My Drive\phd_notes\Projects\Nutrient dropout\Experiment write-ups\Washed sand nutrient dropout 1\photos\Individual plants\Unsorted photos/2023-06-06/20230606_071851.jpg","G:\My Drive\phd_notes\Projects\Nutrient dropout\Experiment write-ups\Washed sand nutrient dropout 1\photos\Individual plants/Plant 3/2023-06-06_Plant 3.jpg"
"G:\My Drive\phd_notes\Projects\Nutrient dropout\Experiment write-ups\Washed sand nutrient dropout 1\photos\Individual plants\Unsorted photos/2023-06-06/20230606_071904.jpg","G:\My Drive\phd_notes\Projects\Nutrient dropout\Experiment write-ups\Washed sand nutrient dropout 1\photos\Individual plants/Plant 2/2023-06-06_Plant 2.jpg"
"G:\My Drive\phd_notes\Projects\Nutrient dropout\Experiment write-ups\Washed sand nutrient dropout 1\photos\Individual plants\Unsorted photos/2023-06-06/20230606_071920.jpg","G:\My Drive\phd_notes\Projects\Nutrient dropout\Experiment write-ups\Washed sand nutrient dropout 1\photos\Individual plants/Plant 1/2023-06-06_Plant 1.jpg"
"G:\My Drive\phd_notes\Projects\Nutrient dropout\Experiment write-ups\Washed sand nutrient dropout 1\photos\Individual plants\Unsorted photos/2023-06-07/20230607_065935.jpg","G:\My Drive\phd_notes\Projects\Nutrient dropout\Experiment write-ups\Washed sand nutrient dropout 1\photos\Individual plants/Plant 1/2023-06-07_Plant 1.jpg"
"G:\My Drive\phd_notes\Projects\Nutrient dropout\Experiment write-ups\Washed sand nutrient dropout 1\photos\Individual plants\Unsorted photos/2023-06-07/20230607_070001.jpg","G:\My Drive\phd_notes\Projects\Nutrient dropout\Experiment write-ups\Washed sand nutrient dropout 1\photos\Individual plants/Plant 2/2023-06-07_Plant 2.jpg"
"G:\My Drive\phd_notes\Projects\Nutrient dropout\Experiment write-ups\Washed sand nutrient dropout 1\photos\Individual plants\Unsorted photos/2023-06-07/20230607_070022.jpg","G:\My Drive\phd_notes\Projects\Nutrient dropout\Experiment write-ups\Washed sand nutrient dropout 1\photos\Individual plants/Plant 3/2023-06-07_Plant 3.jpg"
"G:\My Drive\phd_notes\Projects\Nutrient dropout\Experiment write-ups\Washed sand nutrient dropout 1\photos\Individual plants\Unsorted photos/2023-06-07/20230607_070045.jpg","G:\My Drive\phd_notes\Projects\Nutrient dropout\Experiment write-ups\Washed sand nutrient dropout 1\photos\Individual plants/Plant 4/2023-06-07_Plant 4.jpg"
"G:\My Drive\phd_notes\Projects\Nutrient dropout\Experiment write-ups\Washed sand nutrient dropout 1\photos\Individual plants\Unsorted photos/2023-06-07/20230607_070057.jpg","G:\My Drive\phd_notes\Projects\Nutrient dropout\Experiment write-ups\Washed sand nutrient dropout 1\photos\Individual plants/Plant 5/2023-06-07_Plant 5.jpg"
"G:\My Drive\phd_notes\Projects\Nutrient dropout\Experiment write-ups\Washed sand nutrient dropout 1\photos\Individual plants\Unsorted photos/2023-06-07/20230607_070130.jpg","G:\My Drive\phd_notes\Projects\Nutrient dropout\Experiment write-ups\Washed sand nutrient dropout 1\photos\Individual plants/Plant 7/2023-06-07_Plant 7.jpg"
"G:\My Drive\phd_notes\Projects\Nutrient dropout\Experiment write-ups\Washed sand nutrient dropout 1\photos\Individual plants\Unsorted photos/2023-06-07/20230607_070150.jpg","G:\My Drive\phd_notes\Projects\Nutrient dropout\Experiment write-ups\Washed sand nutrient dropout 1\photos\Individual plants/Plant 8/2023-06-07_Plant 8.jpg"
"G:\My Drive\phd_notes\Projects\Nutrient dropout\Experiment write-ups\Washed sand nutrient dropout 1\photos\Individual plants\Unsorted photos/2023-06-07/20230607_070115.jpg","G:\My Drive\phd_notes\Projects\Nutrient dropout\Experiment write-ups\Washed sand nutrient dropout 1\photos\Individual plants/Plant 6/2023-06-07_Plant 6.jpg"
"G:\My Drive\phd_notes\Projects\Nutrient dropout\Experiment write-ups\Washed sand nutrient dropout 1\photos\Individual plants\Unsorted photos/2023-06-07/20230607_070203.jpg","G:\My Drive\phd_notes\Projects\Nutrient dropout\Experiment write-ups\Washed sand nutrient dropout 1\photos\Individual plants/Plant 9/2023-06-07_Plant 9.jpg"
"G:\My Drive\phd_notes\Projects\Nutrient dropout\Experiment write-ups\Washed sand nutrient dropout 1\photos\Individual plants\Unsorted photos/2023-06-08/20230608_071953.jpg","G:\My Drive\phd_notes\Projects\Nutrient dropout\Experiment write-ups\Washed sand nutrient dropout 1\photos\Individual plants/Plant 1/2023-06-08_Plant 1.jpg"
"G:\My Drive\phd_notes\Projects\Nutrient dropout\Experiment write-ups\Washed sand nutrient dropout 1\photos\Individual plants\Unsorted photos/2023-06-08/20230608_072014.jpg","G:\My Drive\phd_notes\Projects\Nutrient dropout\Experiment write-ups\Washed sand nutrient dropout 1\photos\Individual plants/Plant 2/2023-06-08_Plant 2.jpg"
"G:\My Drive\phd_notes\Projects\Nutrient dropout\Experiment write-ups\Washed sand nutrient dropout 1\photos\Individual plants\Unsorted photos/2023-06-08/20230608_072034.jpg","G:\My Drive\phd_notes\Projects\Nutrient dropout\Experiment write-ups\Washed sand nutrient dropout 1\photos\Individual plants/Plant 3/2023-06-08_Plant 3.jpg"
"G:\My Drive\phd_notes\Projects\Nutrient dropout\Experiment write-ups\Washed sand nutrient dropout 1\photos\Individual plants\Unsorted photos/2023-06-08/20230608_072053.jpg","G:\My Drive\phd_notes\Projects\Nutrient dropout\Experiment write-ups\Washed sand nutrient dropout 1\photos\Individual plants/Plant 4/2023-06-08_Plant 4.jpg"
"G:\My Drive\phd_notes\Projects\Nutrient dropout\Experiment write-ups\Washed sand nutrient dropout 1\photos\Individual plants\Unsorted photos/2023-06-08/20230608_072112.jpg","G:\My Drive\phd_notes\Projects\Nutrient dropout\Experiment write-ups\Washed sand nutrient dropout 1\photos\Individual plants/Plant 5/2023-06-08_Plant 5.jpg"
"G:\My Drive\phd_notes\Projects\Nutrient dropout\Experiment write-ups\Washed sand nutrient dropout 1\photos\Individual plants\Unsorted photos/2023-06-08/20230608_072135.jpg","G:\My Drive\phd_notes\Projects\Nutrient dropout\Experiment write-ups\Washed sand nutrient dropout 1\photos\Individual plants/Plant 6/2023-06-08_Plant 6.jpg"
"G:\My Drive\phd_notes\Projects\Nutrient dropout\Experiment write-ups\Washed sand nutrient dropout 1\photos\Individual plants\Unsorted photos/2023-06-08/20230608_072148.jpg","G:\My Drive\phd_notes\Projects\Nutrient dropout\Experiment write-ups\Washed sand nutrient dropout 1\photos\Individual plants/Plant 7/2023-06-08_Plant 7.jpg"
"G:\My Drive\phd_notes\Projects\Nutrient dropout\Experiment write-ups\Washed sand nutrient dropout 1\photos\Individual plants\Unsorted photos/2023-06-08/20230608_072206.jpg","G:\My Drive\phd_notes\Projects\Nutrient dropout\Experiment write-ups\Washed sand nutrient dropout 1\photos\Individual plants/Plant 8/2023-06-08_Plant 8.jpg"
"G:\My Drive\phd_notes\Projects\Nutrient dropout\Experiment write-ups\Washed sand nutrient dropout 1\photos\Individual plants\Unsorted photos/2023-06-08/20230608_072218.jpg","G:\My Drive\phd_notes\Projects\Nutrient dropout\Experiment write-ups\Washed sand nutrient dropout 1\photos\Individual plants/Plant 9/2023-06-08_Plant 9.jpg"
